stno,name
20190128800,安洋
20190128801,曹俊
20190128802,傅豪昊
20190128803,薛涵
20190128804,邹雨华
20190128805,柳明
20190128806,康俊
20190128807,张建承
20190128808,萧恒
20190128809,和天振
20190128810,钱明
20190128812,杨轩
20190128813,苗涛
20190128814,尹哲
20190128815,罗天源
20190128816,毕泽
20190128817,马豪
20190128818,韦华
20190128819,施博航
20190128820,谢哲
20190128822,张卓
20190128823,平瑞伟
20190128824,彭博
20190128825,姜瑜山
20190128826,陶毅龙
20190128827,柏恒睿
20190128828,马皓
20190128829,鲍文
20190128830,窦铭润
20190128831,孟林旭
